
{
    "users":[
        {"userheading":"User 1",
            "userdetail":
            [
               {"url":"item1", "title":"Item 1"},
               {"url":"item2", "title":"Item 2"},
               {"url":"item3", "title":"Item 3"},
               {"url":"item4", "title":"Item 4"}
            ]
            },
            {"userheading":"User 2",
            "userdetail":
            [
               {"url":"item3", "title":"Item 3"},
               {"url":"item4", "title":"Item 4"}
            ]
            },
            {"userheading":"User 3",
            "userdetail":
            [
               {"url":"item1", "title":"Item 1"},
               {"url":"item4", "title":"Item 4"}
            ]
            }
    ]
}